<?xml version="1.0" encoding="UTF-8"?>
<coupledModel name="Locations">
	<ports>
		<port type="in" name="LOC_InputLoads" message_type="oLoad"></port>
		<port type="in" name="LOC_InputACStatus" message_type="oAircraftStatus"></port>
		<port type="in" name="LOC_InputPallets" message_type="oPallet"></port>
		<port type="in" name="LOC_InputLocInfo" message_type="oLocInfo"></port>
		<port type="out" name="LOC_outLoads" message_type="oLoad"></port>
 		<port type="out" name="LOC_outPallets" message_type="oPallet"></port>
	</ports>
	<components>
		<submodel type="atomic" name="Trenton" class_name="Location" xml_implementation="Location.devs">
			<param type="int" name="iLocID" value="1" />
			<param type="string" name="sLocName" value="&quot;Trenton&quot;" />
			<param type="double" name="lat" value="44.1" />
			<param type="double" name="long" value="-77.6" />
		</submodel>
		<submodel type="atomic" name="Paris" class_name="Location" xml_implementation="Location.devs">
			<param type="int" name="iLocID" value="2" />
			<param type="string" name="sLocName" value="&quot;Paris&quot;" />
			<param type="double" name="lat" value="48.9" />
			<param type="double" name="long" value="2.4" />
		</submodel>
		<submodel type="atomic" name="Iceland" class_name="Location" xml_implementation="Location.devs">
			<param type="int" name="iLocID" value="3" />
			<param type="string" name="sLocName" value="&quot;Iceland&quot;" />
			<param type="double" name="lat" value="50.5" />
			<param type="double" name="long" value="30.5" />
		</submodel>
		<submodel type="atomic" name="Congo" class_name="Location" xml_implementation="Location.devs">
			<param type="int" name="iLocID" value="4" />
			<param type="string" name="sLocName" value="&quot;Congo&quot;" />
			<param type="double" name="lat" value="4.3" />
			<param type="double" name="long" value="-15.3" />
		</submodel>
	</components>
	<connections>
		<eic in_port_coupled="LOC_InputLoads" submodel="Trenton" in_port_submodel="Locations_defs::inLoads" />
		<eic in_port_coupled="LOC_InputACStatus" submodel="Trenton" in_port_submodel="Locations_defs::inACStatus" />
		<eic in_port_coupled="LOC_InputPallets" submodel="Trenton" in_port_submodel="Locations_defs::inPallets" />
		<eic in_port_coupled="LOC_InputLocInfo" submodel="Trenton" in_port_submodel="Locations_defs::inLocInfo" />
		<eic in_port_coupled="LOC_InputLoads" submodel="Paris" in_port_submodel="Locations_defs::inLoads" />
		<eic in_port_coupled="LOC_InputACStatus" submodel="Paris" in_port_submodel="Locations_defs::inACStatus" />
		<eic in_port_coupled="LOC_InputPallets" submodel="Paris" in_port_submodel="Locations_defs::inPallets" />
		<eic in_port_coupled="LOC_InputLocInfo" submodel="Paris" in_port_submodel="Locations_defs::inLocInfo" />
		<eic in_port_coupled="LOC_InputLoads" submodel="Iceland" in_port_submodel="Locations_defs::inLoads" />
		<eic in_port_coupled="LOC_InputACStatus" submodel="Iceland" in_port_submodel="Locations_defs::inACStatus" />
		<eic in_port_coupled="LOC_InputPallets" submodel="Iceland" in_port_submodel="Locations_defs::inPallets" />
		<eic in_port_coupled="LOC_InputLocInfo" submodel="Iceland" in_port_submodel="Locations_defs::inLocInfo" />
		<eic in_port_coupled="LOC_InputLoads" submodel="Congo" in_port_submodel="Locations_defs::inLoads" />
		<eic in_port_coupled="LOC_InputACStatus" submodel="Congo" in_port_submodel="Locations_defs::inACStatus" />
		<eic in_port_coupled="LOC_InputPallets" submodel="Congo" in_port_submodel="Locations_defs::inPallets" />
		<eic in_port_coupled="LOC_InputLocInfo" submodel="Congo" in_port_submodel="Locations_defs::inLocInfo" />
		<eoc submodel="Trenton" out_port_submodel="Locations_defs::outLoads" out_port_coupled="LOC_outLoads" />		
		<eoc submodel="Trenton" out_port_submodel="Locations_defs::outPallets" out_port_coupled="LOC_outPallets" />		
		<eoc submodel="Paris" out_port_submodel="Locations_defs::outLoads" out_port_coupled="LOC_outLoads" />		
		<eoc submodel="Paris" out_port_submodel="Locations_defs::outPallets" out_port_coupled="LOC_outPallets" />		
		<eoc submodel="Iceland" out_port_submodel="Locations_defs::outLoads" out_port_coupled="LOC_outLoads" />		
		<eoc submodel="Iceland" out_port_submodel="Locations_defs::outPallets" out_port_coupled="LOC_outPallets" />		
		<eoc submodel="Congo" out_port_submodel="Locations_defs::outLoads" out_port_coupled="LOC_outLoads" />		
		<eoc submodel="Congo" out_port_submodel="Locations_defs::outPallets" out_port_coupled="LOC_outPallets" />		
	</connections>
</coupledModel>
