<?xml version="1.0" encoding="UTF-8"?>
<coupledModel name="Locations">
	<ports>
		<port type="in" name="LOC_InputLoads" message_type="oLoad"></port>
		<port type="in" name="LOC_InputACStatus" message_type="oAircraftStatus"></port>
		<port type="in" name="LOC_InputPallets" message_type="oPallet"></port>
		<port type="in" name="LOC_InputLocInfo" message_type="oLocInfo"></port>
		<port type="out" name="LOC_outLoads" message_type="oLoad"></port>
 		<port type="out" name="LOC_outPallets" message_type="oPallet"></port>
	</ports>
	<components>
		<submodel type="atomic" name="Trenton" class_name="Location" xml_implementation="Location.devs">
			<param type="int" name="iLocID" value="1" />
			<param type="string" name="sLocName" value="&quot;Trenton&quot;" />
			<param type="double" name="lat" value="44.118014" />
			<param type="double" name="long" value="-77.530404" />
		</submodel>
		<submodel type="atomic" name="Alert" class_name="Location" xml_implementation="Location.devs">
			<param type="int" name="iLocID" value="2" />
			<param type="string" name="sLocName" value="&quot;Alert&quot;" />
			<param type="double" name="lat" value="82.501667" />
			<param type="double" name="long" value="-62.348056" />
		</submodel>
		<submodel type="atomic" name="HallBeach" class_name="Location" xml_implementation="Location.devs">
			<param type="int" name="iLocID" value="3" />
			<param type="string" name="sLocName" value="&quot;Hall Beach&quot;" />
			<param type="double" name="lat" value="68.766151" />
			<param type="double" name="long" value="-81.220749" />
		</submodel>
		<submodel type="atomic" name="CambridgeBay" class_name="Location" xml_implementation="Location.devs">
			<param type="int" name="iLocID" value="4" />
			<param type="string" name="sLocName" value="&quot;Cambridge Bay&quot;" />
			<param type="double" name="lat" value="69.120979" />
			<param type="double" name="long" value="-105.056259" />
		</submodel>
		<submodel type="atomic" name="Inuvik" class_name="Location" xml_implementation="Location.devs">
			<param type="int" name="iLocID" value="5" />
			<param type="string" name="sLocName" value="&quot;Inuvik&quot;" />
			<param type="double" name="lat" value="68.360741" />
			<param type="double" name="long" value="-133.723022" />
		</submodel>
		<submodel type="atomic" name="Yellowknife" class_name="Location" xml_implementation="Location.devs">
			<param type="int" name="iLocID" value="6" />
			<param type="string" name="sLocName" value="&quot;Yellowknife&quot;" />
			<param type="double" name="lat" value="62.453972" />
			<param type="double" name="long" value="-114.371788" />
		</submodel>
	</components>
	<connections>
		<eic in_port_coupled="LOC_InputLoads" submodel="Trenton" in_port_submodel="Locations_defs::inLoads" />
		<eic in_port_coupled="LOC_InputACStatus" submodel="Trenton" in_port_submodel="Locations_defs::inACStatus" />
		<eic in_port_coupled="LOC_InputPallets" submodel="Trenton" in_port_submodel="Locations_defs::inPallets" />
		<eic in_port_coupled="LOC_InputLocInfo" submodel="Trenton" in_port_submodel="Locations_defs::inLocInfo" />
		<eic in_port_coupled="LOC_InputLoads" submodel="Alert" in_port_submodel="Locations_defs::inLoads" />
		<eic in_port_coupled="LOC_InputACStatus" submodel="Alert" in_port_submodel="Locations_defs::inACStatus" />
		<eic in_port_coupled="LOC_InputPallets" submodel="Alert" in_port_submodel="Locations_defs::inPallets" />
		<eic in_port_coupled="LOC_InputLocInfo" submodel="Alert" in_port_submodel="Locations_defs::inLocInfo" />
		<eic in_port_coupled="LOC_InputLoads" submodel="HallBeach" in_port_submodel="Locations_defs::inLoads" />
		<eic in_port_coupled="LOC_InputACStatus" submodel="HallBeach" in_port_submodel="Locations_defs::inACStatus" />
		<eic in_port_coupled="LOC_InputPallets" submodel="HallBeach" in_port_submodel="Locations_defs::inPallets" />
		<eic in_port_coupled="LOC_InputLocInfo" submodel="HallBeach" in_port_submodel="Locations_defs::inLocInfo" />
		<eic in_port_coupled="LOC_InputLoads" submodel="CambridgeBay" in_port_submodel="Locations_defs::inLoads" />
		<eic in_port_coupled="LOC_InputACStatus" submodel="CambridgeBay" in_port_submodel="Locations_defs::inACStatus" />
		<eic in_port_coupled="LOC_InputPallets" submodel="CambridgeBay" in_port_submodel="Locations_defs::inPallets" />
		<eic in_port_coupled="LOC_InputLocInfo" submodel="CambridgeBay" in_port_submodel="Locations_defs::inLocInfo" />
		<eic in_port_coupled="LOC_InputLoads" submodel="Inuvik" in_port_submodel="Locations_defs::inLoads" />
		<eic in_port_coupled="LOC_InputACStatus" submodel="Inuvik" in_port_submodel="Locations_defs::inACStatus" />
		<eic in_port_coupled="LOC_InputPallets" submodel="Inuvik" in_port_submodel="Locations_defs::inPallets" />
		<eic in_port_coupled="LOC_InputLocInfo" submodel="Inuvik" in_port_submodel="Locations_defs::inLocInfo" />
		<eic in_port_coupled="LOC_InputLoads" submodel="Yellowknife" in_port_submodel="Locations_defs::inLoads" />
		<eic in_port_coupled="LOC_InputACStatus" submodel="Yellowknife" in_port_submodel="Locations_defs::inACStatus" />
		<eic in_port_coupled="LOC_InputPallets" submodel="Yellowknife" in_port_submodel="Locations_defs::inPallets" />
		<eic in_port_coupled="LOC_InputLocInfo" submodel="Yellowknife" in_port_submodel="Locations_defs::inLocInfo" />
		<eoc submodel="Trenton" out_port_submodel="Locations_defs::outLoads" out_port_coupled="LOC_outLoads" />		
		<eoc submodel="Trenton" out_port_submodel="Locations_defs::outPallets" out_port_coupled="LOC_outPallets" />		
		<eoc submodel="Alert" out_port_submodel="Locations_defs::outLoads" out_port_coupled="LOC_outLoads" />		
		<eoc submodel="Alert" out_port_submodel="Locations_defs::outPallets" out_port_coupled="LOC_outPallets" />		
		<eoc submodel="HallBeach" out_port_submodel="Locations_defs::outLoads" out_port_coupled="LOC_outLoads" />		
		<eoc submodel="HallBeach" out_port_submodel="Locations_defs::outPallets" out_port_coupled="LOC_outPallets" />		
		<eoc submodel="CambridgeBay" out_port_submodel="Locations_defs::outLoads" out_port_coupled="LOC_outLoads" />		
		<eoc submodel="CambridgeBay" out_port_submodel="Locations_defs::outPallets" out_port_coupled="LOC_outPallets" />		
		<eoc submodel="Inuvik" out_port_submodel="Locations_defs::outLoads" out_port_coupled="LOC_outLoads" />		
		<eoc submodel="Inuvik" out_port_submodel="Locations_defs::outPallets" out_port_coupled="LOC_outPallets" />		
		<eoc submodel="Yellowknife" out_port_submodel="Locations_defs::outLoads" out_port_coupled="LOC_outLoads" />		
		<eoc submodel="Yellowknife" out_port_submodel="Locations_defs::outPallets" out_port_coupled="LOC_outPallets" />		
	</connections>
</coupledModel>
